_id,title,description,longDescription,price,isFree,duration,date,type,modality,certified,image,level,instructor,spots,certificationName,platform,registrationLink,location,isActive,createdAt,updatedAt,__v,expirationDate,content,keywords,textColor,color_text,examMinScoreToPass,questions,certificatePrice,startTime,examAttemptsLimit,sessions,status,createdBy
69a5f213ca8c2a9ff52ceaeb,LinkedIn Boost - Potencia tu Marca Personal,"Impulsa tu Perfil Profesional y aprende a utilizar Linkedin desde 0, para alcanzar mejores empleos.","Saber utilizar Linkedin con estrategia te abrirá puertas en tu carrera profesional 🙌.

En 5 pasos, vamos a trabajar tu Marca LinkedIn: 
1. Identificar tu meta profesional, público y objetivo de marca personal.
2. Generar un perfil atractivo
3. Ampliar tu red de contactos
4. Cómo conectar con reclutadores
5. Interactúar en LinkedIn

",0,True,1 horas,2026-03-02,Webinars,Virtual,False,https://laboralpdfstaging.blob.core.windows.net/cursos-imagenes/courses/1772501940560-WhatsApp%20Image%202026-03-02%20at%208.37.15%20PM.jpeg,Básico,Maykol Echevarría - Líder en Creación de Contenido,80,,Google Meet,https://drive.google.com/file/d/10_T2eh5b3UvHJu9u47EGPElNa_33yKzG/view?usp=sharing,,False,2026-03-02 20:24:51.815,2026-04-03 16:53:37.887,0,,,,,,,,,,,,,
69b3c0c3d5534aa59d91445e,Test de curso,Test,,0,True,3 horas,Acceso directo,Taller,Virtual - Asíncrono,True,https://laboralpdfstaging.blob.core.windows.net/cursos-imagenes/courses/1773425511758-1559295601824.jpeg,Avanzado,Juan,0,Insomnio,Google Meet,,,False,2026-03-13 07:46:11.686,2026-05-10 19:30:11.736,0,2026-05-20,"[{'title': 'Test', 'url': 'https://cursosvideos.blob.core.windows.net/videos/courses-videos/1777011871486-Contrata_l_deres_imparables_con_IA___Laboral_AI_-_Opera_2026-01-11_13-06-14/index.m3u8', 'type': 'recording', 'chapters': [], '_id': ObjectId('6a00dcc34c10ba808aa05eff')}]","['Software', 'Ing.', 'Doctor', 'Medicina']",black,black,14.0,"[{'question': 'Test', 'options': ['Test2', 'Test3', 'Test4', 'Test5'], 'correctAnswer': 'Test2', 'score': 10, '_id': ObjectId('69eb0bbfbadb7d62204608c5')}, {'question': 'Test', 'options': ['Hola', 'Adios', ':v'], 'correctAnswer': 'Hola', 'score': 10, '_id': ObjectId('69eb0bbfbadb7d62204608c6')}]",3.0,,,,,
69b8f74939a011c05a0adb36,Bootcamp de Desarrollo Web Full Stack,"Aprende a desarrollar aplicaciones web completas desde cero en este bootcamp intensivo de Desarrollo Web Full Stack. Durante el programa, los participantes adquirirán conocimientos fundamentales y prácticos en tecnologías modernas como HTML, CSS, JavaScript, bases de datos y desarrollo backend.

El curso está diseñado para principiantes y personas con conocimientos básicos que deseen ingresar al mundo del desarrollo web. A lo largo del bootcamp, se trabajará en proyectos reales que permitirán aplicar lo aprendido y construir un portafolio profesional.

Al finalizar, los participantes serán capaces de crear aplicaciones web funcionales, manejar bases de datos y comprender la arquitectura de sistemas modernos.",,0,True,4 horas,2026-03-20,Bootcamps,Virtual - Síncrono,False,https://laboralpdfstaging.blob.core.windows.net/cursos-imagenes/courses/1773729607585-descarga.jpeg,Básico,Luis Miguel Torres,60,,Google Meet,https://meet.google.com/qbj-mmgp-ddd,,False,2026-03-17 06:40:09.082,2026-03-19 18:18:23.907,0,2026-03-26,[],"['programación', 'full stack', 'desarrollo web']",,,,,,23:00,,,,
69bae3cf1f6a59264ed47931,LinkedIn Boost - Potencia tu Marca Personal,"Impulsa tu Perfil Profesional y aprende a utilizar Linkedin desde 0, para alcanzar mejores empleos.",,0,True,40 minutos,Acceso directo,Webinar,Virtual - Asíncrono,False,https://laboralpdfstaging.blob.core.windows.net/cursos-imagenes/courses/1773869257191-Captura%20de%20pantalla%202026-03-18%20162713.png,Básico,Maykol Echevarría - Líder en Creación de Contenido,0,,Google Meet,,,True,2026-03-18 17:41:35.954,2026-04-30 01:23:16.035,0,2026-12-30,"[{'title': 'LinkedIn Boost', 'url': 'https://cursosvideos.blob.core.windows.net/videos/courses-videos/1773855569826-asznd/index.m3u8', 'type': 'recording', 'chapters': [], '_id': ObjectId('69f2af04e0681e6a0c1771f6')}]","['LinkedIn', 'Marca Personal', 'Marketing', 'Creación de Contenidos']",,,,,0.0,,,,,
69c0301b9e1dbb79ed47656d,Flujos end to end,Aprende a implementar Flujos End to End para la resolución de problemas y gestión de proyectos de forma ágil y efectiva. ,,0,True,50 minutos,Acceso directo,Webinar,Virtual - Asíncrono,False,https://laboralpdfstaging.blob.core.windows.net/cursos-imagenes/courses/1774361476066-flujos.png,Básico,"Marilia, Josué y Valeria ",0,,Google Meet,,,True,2026-03-22 18:08:27.741,2026-04-30 01:24:50.912,0,2026-05-09,"[{'title': 'Webinar Flujos End to End', 'url': 'https://cursosvideos.blob.core.windows.net/videos/courses-videos/1774319887840-Squad_Omega_Flujos_End_to_End/index.m3u8', 'type': 'recording', 'chapters': [], '_id': ObjectId('69f2af62e0681e6a0c177348')}]","['Innovación', 'Resolución de Problemas']",,black,,,0.0,,,,,
69c38eabaf79cdc40e2e53e9,Negocia y Convence,Aprende a comunicar y persuadir a tu cliente con técnicas comerciles avanzadas.,,0,True,40 minutos,Acceso directo,Webinar,Virtual - Asíncrono,True,https://laboralpdfstaging.blob.core.windows.net/cursos-imagenes/courses/1779113270377-Banner%20Cursos%20%20Laboral%20(11).png,Básico,"Nayeli Espinoza, Jeini Santamaria & Jairo Blas",0,,Google Meet,,,True,2026-03-25 07:28:43.678,2026-05-18 14:07:51.686,0,2026-12-30,"[{'title': 'Habilidades Comerciales', 'url': 'https://cursosvideos.blob.core.windows.net/videos/courses-videos/1774415913566-_Nexus__Taller_Habilidades_Comerciales___Networking_-_2026_03_22_17_58_GMT-05_00_-_Recording/index.m3u8', 'type': 'recording', 'chapters': [], '_id': ObjectId('6a0b1d379847720f18a57248')}]","['Ventas', 'Gestión Comercial', 'Negociación']",,black,,,5.0,,,,,
69c53127d988ad92e49d10be,Productividad en equipo con Google Workspace,"¡Conviértete en un héroe de la productividad! Aprende a centralizar tu centro de mando en Gmail, diseñar arquitecturas de tiempo en Calendar y automatizar el análisis de datos en Sheets sin necesidad de código. Un taller 100% práctico diseñado para una transferencia inmediata de habilidades a tu squad.",,0,True,40 minutos,Acceso directo,Webinar,Virtual - Asíncrono,True,https://laboralpdfstaging.blob.core.windows.net/cursos-imagenes/courses/1774530854058-quantum.png,Básico,Sofia Flores y José Pauyac,0,,Google Meet,,,True,2026-03-26 13:14:15.410,2026-05-11 13:17:41.430,0,2026-12-30,"[{'title': 'Google Workspace - Sesión', 'url': 'https://cursosvideos.blob.core.windows.net/videos/courses-videos/1774530781628-Quatumn/index.m3u8', 'type': 'recording', 'chapters': [], '_id': ObjectId('6a01d6f56cd8aed7999f6d17')}]","['Tecnología', 'Workspace', 'Cloud']",,white,16.0,"[{'question': 'Si necesitas estandarizar la comunicación del equipo para no escribir lo mismo cientos de veces a clientes frecuentes, ¿qué herramienta avanzada de Gmail deberías utilizar?', 'options': ['Plantillas', 'Modo confidencial', 'Filtros', 'Modo IA'], 'correctAnswer': 'Plantillas', 'score': 4, '_id': ObjectId('69fe3894ba5dbd47e70efddd')}, {'question': 'Deseas que clientes externos puedan agendar reuniones contigo viendo únicamente tu disponibilidad real a través de un enlace. ¿Cómo se llama esta función?', 'options': ['Appointment Slots ', 'Horario de trabajo', 'Notas de reunión', 'Calendarios'], 'correctAnswer': 'Appointment Slots ', 'score': 4, '_id': ObjectId('69fe3894ba5dbd47e70efdde')}, {'question': 'Estás redactando un informe y necesitas insertar rápidamente una fecha, el nombre de un colega o un cronograma de proyecto sin salir del documento. ¿Qué comando activa el ""Lienzo Inteligente""?', 'options': ['@ (Arroba)', '# (Hashtag)', '/ (Slash)', '\\ (backslash)'], 'correctAnswer': '@ (Arroba)', 'score': 4, '_id': ObjectId('69fe3894ba5dbd47e70efddf')}, {'question': 'Tienes una columna con nombres y apellidos mezclados. Sheets detecta el patrón y te sugiere completar el resto de la columna automáticamente. ¿Cómo se llama esta función de IA básica? ', 'options': ['Relleno inteligente', 'Limpieza de datos', 'Tabla dinámica', 'Solver'], 'correctAnswer': 'Relleno inteligente', 'score': 4, '_id': ObjectId('69fe3894ba5dbd47e70efde0')}, {'question': 'Quieres crear una encuesta donde el usuario sea dirigido a diferentes secciones dependiendo de su respuesta anterior. ¿Qué configuración debes usar?  ', 'options': ['Cuestionario', 'Salto de sección', 'Validación', 'Salto de pagina'], 'correctAnswer': 'Salto de sección', 'score': 4, '_id': ObjectId('69fe3894ba5dbd47e70efde1')}]",5.0,,,,,
69c53a42d988ad92e49d112f,Ikigai,"Identifica tu propósito personal con este framework, IKIGAI, que te servirá para guiar tu carrera profesional.",,0,True,40 minutos,Acceso directo,Webinar,Virtual - Asíncrono,False,https://laboralpdfstaging.blob.core.windows.net/cursos-imagenes/courses/1774983999225-Banner%20Cursos%20%20Laboral%20(5).png,Básico,Bryan Cerna,0,,Google Meet,,,True,2026-03-26 13:53:06.903,2026-04-30 01:24:15.341,0,2026-12-30,"[{'title': 'Ikigai', 'url': 'https://cursosvideos.blob.core.windows.net/videos/courses-videos/1774532925157-Atlas/index.m3u8', 'type': 'recording', 'chapters': [], '_id': ObjectId('69f2af3fe0681e6a0c1772e5')}]","['Motivación', 'Propósito', 'Desarrollo Personal']",,white,,,0.0,,,,,
69cab9b4d527f2fc913b7c73,"MENTORES - Rodrigo Reyes (Monterrey, México)",Rodrigo nos hablará de Innovación desde México hasta el impacto en todo Latinoamérica,,0,True,1.5 horas,2026-04-15,Webinar,Virtual - Síncrono,False,https://laboralpdfstaging.blob.core.windows.net/cursos-imagenes/courses/1774893491927-WhatsApp%20Image%202026-03-25%20at%204.50.55%20PM.jpeg,Básico,Rodrigo Reyes,0,,Google Meet,meet.google.com/enp-rqth-huv,,False,2026-03-30 17:58:12.986,2026-05-18 14:13:43.702,0,2026-04-15,[],[],,black,,,,19:00,,,,
69cc1b11b4084bc82b4a2939,LinkedIn Boost - Comunidad UTEC,"Previo al evento AI Salon Lima del 09 de abril: https://luma.com/AI-Salon-Lima-FutureOfWork26, tendremos una capacitación dirigida a la comunidad de alumnos, egresados y colaboradores de UTEC; para potenciar su Linkedin y aprovechar al máximo los espacios de interacción con empresas.",,0,True,1 horas,2026-04-08,Webinar,Virtual - Síncrono,False,https://laboralpdfstaging.blob.core.windows.net/cursos-imagenes/courses/1774983952094-Linkedin%20Boost%20-%20UTEC.jpeg,Básico,Laboral Hero,0,,Google Meet,meet.google.com/zpe-gysy-qxw,,False,2026-03-31 19:05:53.029,2026-05-18 14:13:36.451,0,2026-04-08,[],"['empleabilidad', 'linkedin', 'empresas', 'networking']",,black,,,,19:00,,,,
69cc1bc9b4084bc82b4a29c5,Optimiza tu CV - Comunidad UTEC,"Previo al evento AI Salon Lima del 09 de abril: https://luma.com/AI-Salon-Lima-FutureOfWork26, tendremos una capacitación dirigida a la comunidad de alumnos, egresados y colaboradores de UTEC; para optimizar su CV y aprovechar al máximo los espacios de interacción con empresas.",,0,True,1 horas,2026-04-07,Webinar,Virtual - Síncrono,False,https://laboralpdfstaging.blob.core.windows.net/cursos-imagenes/courses/1774984136361-Optimizar%20tu%20CV%20-%20UTEC.jpeg,Básico,Laboral Hero,0,,Google Meet,meet.google.com/zpe-gysy-qxw,,False,2026-03-31 19:08:57.032,2026-05-18 14:13:30.363,0,2026-04-07,[],"['currículum', 'empleabilidad', 'UTEC', 'empresas', 'resume', 'CV', 'vitae']",,white,,,,19:00,,,,
69d0015903af8e654601dfa0,Optimiza tu CV by Laboral Hero,"En Laboral Hero, reunimos a un equipo excepcional para ayudarte a optimizar tu CV y convertirlo en una verdadera herramienta estratégica de empleabilidad.
Únete y acelera tu futuro!!",,0,True,1 horas,2026-04-04,Taller,Virtual - Síncrono,False,https://laboralpdfstaging.blob.core.windows.net/cursos-imagenes/courses/1775239512588-Bryan.png,Básico,Bryan Cerna y Jorge Cornejo,0,,Google Meet,https://meet.google.com/iqt-gnnh-zwv,,False,2026-04-03 18:05:13.786,2026-05-18 14:14:32.463,0,,[],"['CV', 'Perfil', 'Empleo', 'Reclutamiento']",,white,,,,21:00,,,,
69ea4f7b6f1ba8c78ed2696f,DESPEGA NORTE - Masterclass Linkedin,"Saca el mejor provecho al Evento Despega Norte 2026 el 25/04 en la Cámara de Comercio de La Libertad.
Te tenemos esta capacitación potente de Linkedin para que no pierdas tiempo y conectes con los representantes de empresa que asistirán",,0,True,1 horas,2026-04-23,Webinar,Virtual - Síncrono,False,https://laboralpdfstaging.blob.core.windows.net/cursos-imagenes/courses/1776963450909-Despega%20Norte%20LinkedIn.png,Básico,Maykol Echevarría - Líder en Creación de Contenido,180,,Google Meet,meet.google.com/ews-pfpk-kvq,,False,2026-04-23 16:57:31.885,2026-04-30 01:27:04.328,0,2026-05-09,[],"['evento', 'Trujillo', 'Linkedin', 'Marca Personal']",,black,14.0,[],0.0,23:00,,,,
69eb7a737c491af9f1c411c7,test pago,qweqw oño,,3,False,54 horas,Acceso directo,Curso,Virtual - Asíncrono,True,https://laboralpdfstaging.blob.core.windows.net/cursos-imagenes/courses/1777039986789-laboral_ai_logo.jfif,Básico,Juan Daniel Rodriguez,0,test,Google Meet,qweq,,False,2026-04-24 14:13:07.604,2026-05-10 19:30:01.010,0,2026-05-15,[],[],,black,14.0,"[{'question': 'Test', 'options': ['Test 1', 'Test 2', 'Test 3', 'Test 4', 'Test 5'], 'correctAnswer': 'Test 2', 'score': 20, '_id': ObjectId('69fe453fba5dbd47e70eff48')}]",0.0,21:00,,,,
6a16063e4274d417532c3175,Taller de CV - Despega Sur,"Potencia tu perfil para el Despega Sur 🚀
Participa en este taller gratuito de CV junto a Nayeli Espinoza y aprende a optimizar tu hoja de vida y perfil profesional para destacar frente a las empresas participantes. Llega preparado para generar mejores conexiones y aprovechar al máximo las oportunidades laborales y de networking del evento. ✨",,0,True,1 horas,2026-05-29,Taller,Virtual - Síncrono,False,https://laboralpdfstaging.blob.core.windows.net/cursos-imagenes/courses/1779828286258-Banner%20Cursos%20%20Laboral%20(12).png,Básico,Nayeli Espinoza,100,,Google Meet,meet.google.com/uyj-avzy-vsd,,False,2026-05-26 20:44:46.966,2026-06-04 16:35:41.715,0,,[],"['Curriculum', 'Perfil profesional']",,,14.0,[],2.99,19:00,2.0,,,
6a33fa6416496736907d975b,test sincrono,qweqweqwe,,0,True,4 horas,2026-06-18,Curso,Virtual - Síncrono,False,https://laboralpdf.blob.core.windows.net/cursos-imagenes/courses/1781791331156-laboral_ai_logo.jfif,Básico,Rodrigo Reyes,0,,Google Meet,,,False,2026-06-18 14:02:13.081,2026-06-18 14:03:46.058,0,2026-08-27,[],[],,,14.0,[],2.99,,2.0,"[{'title': '', 'date': '2026-06-19', 'startTime': '12:00', 'meetLink': 'https://meet.google.com/duk-ngfz-rkt', '_id': ObjectId('6a33fac216496736907d97cb')}, {'title': 'test2', 'date': '2026-06-26', 'startTime': '12:00', 'meetLink': 'https://meet.google.com/ane-mhks-tze', '_id': ObjectId('6a33fac216496736907d97cc')}]",,
6a3c65c6f8edff36951b041d,Mentores: Mentalidad de Líder,"𝗠𝗲𝗻𝘁𝗮𝗹𝗶𝗱𝗮𝗱 𝗱𝗲 𝗟𝗶́𝗱𝗲𝗿

Desarrolla las habilidades y la mentalidad necesarias para liderar, influir positivamente en otros y afrontar desafíos con una visión de crecimiento. Descubre hábitos, actitudes y herramientas que te ayudarán a potenciar tu liderazgo en los ámbitos académico, profesional y personal.

🎤 𝗣𝗼𝗻𝗲𝗻𝘁𝗲: 𝗞𝗲𝘃𝗶𝗻 𝗠𝗮𝘀𝗾𝘂𝗲𝘇
Administrador Bancario, Bachiller en Marketing y Gestión Comercial, docente en Certus, IDAT y SISE. Cuenta con más de 12 años de experiencia en administración y desarrollo personal, actualmente cursa un MBA en Administración de Negocios.

𝐎𝐫𝐠𝐚𝐧𝐢𝐳𝐚𝐝𝐨 𝐩𝐨𝐫 𝐄𝐦𝐛𝐚𝐣𝐚𝐝𝐨𝐫𝐞𝐬 𝐋𝐚𝐛𝐨𝐫𝐚𝐥 𝐇𝐞𝐫𝐨",,0,True,50 minutos,Acceso directo,Taller,Virtual - Asíncrono,False,https://laboralpdf.blob.core.windows.net/cursos-imagenes/courses/1782831670958-Banner%20Cursos%20%20Laboral%20(18).png,Básico,Kevin Masquez,0,,Google Meet,,,True,2026-06-24 23:18:30.707,2026-06-30 15:01:11.969,0,2026-08-29,"[{'title': 'Mentores - Mentalidad de Líder', 'url': 'https://cursosvideos.blob.core.windows.net/videos/courses-videos/1782830877313-Laboral/index.m3u8', 'type': 'recording', 'chapters': [], '_id': ObjectId('6a43da37a80773d7472bb3e5')}]","['liderazgo', 'habilidades blandas', 'empleabilidad', 'crecimiento profesional']",,,14.0,[],2.99,14:00,2.0,"[{'title': 'Mentalidad de Líder', 'date': '2026-06-29', 'startTime': '14:00', 'meetLink': 'https://meet.google.com/zhm-vcmj-iah', '_id': ObjectId('6a43da37a80773d7472bb3e6')}]",active,698b527218c9b82101380af8
6a4f98f2628189269f298ead,Mentores: Presentaciones de Alto Impacto,"𝗣𝗿𝗲𝘀𝗲𝗻𝘁𝗮𝗰𝗶𝗼𝗻𝗲𝘀 𝗱𝗲 𝗔𝗹𝘁𝗼 𝗜𝗺𝗽𝗮𝗰𝘁𝗼

Aprende a comunicar tus ideas de manera clara, persuasiva y memorable. En esta sesión descubrirás herramientas para estructurar mejor tus presentaciones, conectar con tu audiencia y transmitir mensajes que generen impacto en contextos académicos y profesionales.

🎤 𝗣𝗼𝗻𝗲𝗻𝘁𝗲: 𝗩í𝗰𝘁𝗼𝗿 𝗚𝘂𝗲𝘃𝗮𝗿𝗮
Entrenador de equipos empresariales, mentor y speaker internacional especializado en negocios, liderazgo, neuroventas, marketing, customer experience y soft skills. Cuenta con formación en Administración Estratégica de Negocios por la Universidad Peruana de Ciencias Aplicadas (UPC) y un MBA por San Ignacio University. A lo largo de su trayectoria ha liderado y formado equipos comerciales, administrativos y de gestión, acumulando más de 30 años de experiencia a nivel nacional e internacional.

𝐎𝐫𝐠𝐚𝐧𝐢𝐳𝐚𝐝𝐨 𝐩𝐨𝐫 𝐄𝐦𝐛𝐚𝐣𝐚𝐝𝐨𝐫𝐞𝐬 𝐋𝐚𝐛𝐨𝐫𝐚𝐥 𝐇𝐞𝐫𝐨",,0,True,1 horas,2026-07-11,Webinar,Virtual - Síncrono,False,https://laboralpdf.blob.core.windows.net/cursos-imagenes/courses/1783601394252-Banner%20Cursos%20%20Laboral%20(20).png,Básico,Víctor Guevara,100,,Google Meet,,,False,2026-07-09 12:49:54.963,2026-07-13 00:29:12.246,0,2026-07-12,[],['Comunicación'],,,14.0,[],2.99,10:00,2.0,"[{'title': 'Presentaciones de Alto Impacto', 'date': '2026-07-11', 'startTime': '10:00', 'meetLink': 'https://meet.google.com/euy-wxjz-fhe', '_id': ObjectId('6a5431589dd7bf4b73b5665e')}]",active,698b527218c9b82101380af8
6a74faa07d5b963d972131f3,Mentores: La muerte de las MARCAS,"𝗟𝗮 𝗠𝘂𝗲𝗿𝘁𝗲 𝗱𝗲 𝗹𝗮𝘀 𝗠𝗮𝗿𝗰𝗮𝘀

Las personas ya no conectan con logos, sino con historias, contenido y autenticidad. En esta mentoría descubrirás cómo ha cambiado la forma de construir marcas en la era digital y aprenderás principios clave para crear contenido que genere valor, confianza y conexión con tu audiencia.

🎤 𝗣𝗼𝗻𝗲𝗻𝘁𝗲: 𝗠𝗮𝗿𝗰𝗲𝗹𝗼 𝗠𝗲𝗱𝗿𝗮𝗼
Content Creator y especialista en estrategia de contenidos. 

𝐎𝐫𝐠𝐚𝐧𝐢𝐳𝐚𝐝𝐨 𝐩𝐨𝐫 𝐄𝐦𝐛𝐚𝐣𝐝𝐚𝐝𝐨𝐫𝐞𝐬 𝐋𝐚𝐛𝐨𝐫𝐚𝐥 𝐇𝐞𝐫𝐨
",,0,True,1 horas,2026-08-12,Webinar,Virtual - Síncrono,False,https://laboralpdf.blob.core.windows.net/cursos-imagenes/courses/1786051232001-Banner%20Cursos%20%20Laboral%20(21).png,Básico,Marcelo Medrao,100,,Google Meet,,,True,2026-08-06 21:20:32.861,2026-08-06 21:43:10.089,0,,[],"['Marketing', 'Creación de Contentido', 'Branding']",,,14.0,[],2.99,20:00,2.0,"[{'title': 'Mentores: La muerte de las MARCAS', 'date': '2026-08-12', 'startTime': '20:00', 'meetLink': 'https://meet.google.com/vyx-ayya-oab ', '_id': ObjectId('6a74ffee7d5b963d972132a6')}]",active,698b527218c9b82101380af8
