_id,items,report,user,quiz,quizData,tokens,createdAt,updatedAt,__v
6792d7b7a10f7ee26bf9220c,"[{'name': 'Resiliencia', 'reason': 'La persona menciona ser resiliente como una de sus fortalezas, lo que indica su capacidad para adaptarse y recuperarse de situaciones difíciles.', '_id': ObjectId('6792d7b7a10f7ee26bf9220d')}, {'name': 'Trabajo en equipo', 'reason': 'El trabajo en equipo es destacado como una fortaleza, lo que sugiere que el usuario valora la colaboración y la interacción con otros.', '_id': ObjectId('6792d7b7a10f7ee26bf9220e')}, {'name': 'Proactividad', 'reason': 'La proactividad es mencionada como una fortaleza, indicando que el usuario toma la iniciativa en su trabajo y busca mejorar constantemente.', '_id': ObjectId('6792d7b7a10f7ee26bf9220f')}, {'name': 'Comunicación efectiva', 'reason': 'La comunicación efectiva es una de las actividades que generan satisfacción, lo que resalta su importancia en el entorno laboral.', '_id': ObjectId('6792d7b7a10f7ee26bf92210')}, {'name': 'Liderazgo', 'reason': 'El liderazgo es mencionado como una actividad satisfactoria, lo que sugiere que el usuario tiene aspiraciones para liderar y guiar a otros.', '_id': ObjectId('6792d7b7a10f7ee26bf92211')}]","Las habilidades descubiertas incluyen resiliencia, trabajo en equipo, proactividad, comunicación efectiva y liderazgo. Estas habilidades reflejan un perfil profesional que busca el crecimiento y el desarrollo tanto personal como colectivo en su entorno laboral.",66b9837f1f38bd5f50205598,66cbfe3ecb6abc716b509f0f,6792d7b4a10f7ee26bf921fc,1143,2025-01-23 23:58:47.209,2025-01-23 23:58:47.209,0
6797a40dec31cdeab30acf3d,"[{'name': 'Proactividad', 'reason': 'La proactividad es mencionada como una fortaleza destacada, lo que indica una inclinación a tomar la iniciativa y actuar antes de que se necesite.', '_id': ObjectId('6797a40dec31cdeab30acf3e')}, {'name': 'Curiosidad', 'reason': 'El interés en la investigación y el aprendizaje continuo sugiere una fuerte curiosidad, lo que es esencial para el crecimiento personal y profesional.', '_id': ObjectId('6797a40dec31cdeab30acf3f')}, {'name': 'Liderazgo', 'reason': 'El deseo de influir y guiar en el trabajo refleja habilidades de liderazgo, importantes para la gestión de equipos y proyectos.', '_id': ObjectId('6797a40dec31cdeab30acf40')}, {'name': 'Comunicación efectiva', 'reason': 'La mención de la comunicación efectiva sugiere la capacidad de transmitir ideas claramente y colaborar con otros, lo cual es fundamental en cualquier entorno laboral.', '_id': ObjectId('6797a40dec31cdeab30acf41')}]","Las habilidades descubiertas incluyen proactividad, curiosidad, liderazgo y comunicación efectiva, lo que indica un enfoque positivo hacia el aprendizaje y el trabajo en equipo, así como la capacidad de tomar la iniciativa y guiar a otros.",66b9837f1f38bd5f50205598,66cbfe3ecb6abc716b509f0f,6797a40aec31cdeab30acf2c,1136,2025-01-27 15:19:41.001,2025-01-27 15:19:41.001,0
6797d363ec31cdeab30acfb8,"[{'name': 'Resolución de conflictos', 'reason': 'La capacidad de analizar situaciones retadoras y resolver conflictos es crucial para el desarrollo profesional y se refleja en la búsqueda de nuevas oportunidades.', '_id': ObjectId('6797d363ec31cdeab30acfb9')}, {'name': 'Comunicación efectiva', 'reason': 'La búsqueda de conexiones con reclutadores y la necesidad de contribuir a proyectos de impacto social indican la importancia de la comunicación en el entorno laboral.', '_id': ObjectId('6797d363ec31cdeab30acfba')}, {'name': 'Liderazgo', 'reason': 'El interés en desafíos para el crecimiento profesional y la búsqueda de un ambiente laboral que permita contribuir a proyectos importantes muestran una inclinación hacia el liderazgo.', '_id': ObjectId('6797d363ec31cdeab30acfbb')}]","Los descubrimientos sugieren que el usuario posee habilidades en resolución de conflictos, comunicación efectiva y liderazgo, lo que puede ser valioso en su desarrollo profesional y en la búsqueda de nuevas oportunidades.",67730428e62dc0dc9760d97e,66cbfe3ecb6abc716b509f0f,6797d361ec31cdeab30acfa6,1082,2025-01-27 18:41:39.258,2025-01-27 18:41:39.258,0
67bcb9019ea42ee308b13ed0,"[{'name': 'Curiosidad', 'reason': 'La curiosidad indica un deseo de aprendizaje continuo y crecimiento personal, lo cual es fundamental para adaptarse a nuevos desafíos.', '_id': ObjectId('67bcb9019ea42ee308b13ed1')}, {'name': 'Relaciones', 'reason': 'Los vínculos positivos con los compañeros sugieren habilidades interpersonales y trabajo en equipo, esenciales en cualquier entorno laboral.', '_id': ObjectId('67bcb9019ea42ee308b13ed2')}, {'name': 'Honor', 'reason': 'Tener valores alineados con el trabajo diario refleja integridad y compromiso, características valoradas en el ámbito profesional.', '_id': ObjectId('67bcb9019ea42ee308b13ed3')}, {'name': 'Maestría', 'reason': 'La búsqueda de desafíos para el crecimiento profesional muestra una mentalidad de mejora continua y ambición.', '_id': ObjectId('67bcb9019ea42ee308b13ed4')}, {'name': 'Libertad', 'reason': 'La independencia en las responsabilidades sugiere habilidades de autogestión y proactividad.', '_id': ObjectId('67bcb9019ea42ee308b13ed5')}]","Las respuestas indican una fuerte inclinación hacia el aprendizaje continuo, la construcción de relaciones interpersonales positivas y un compromiso con los valores éticos en el trabajo. También se observa una mentalidad orientada al crecimiento y la autogestión.",67730428e62dc0dc9760d97e,66cbfe3ecb6abc716b509f0f,67bcb8ff9ea42ee308b13ebf,1043,2025-02-24 18:22:57.412,2025-02-24 18:22:57.412,0
67c1eb5f96976af49605521c,"[{'name': 'Proactividad', 'reason': 'La persona menciona proactividad como una de sus fortalezas, lo que indica una habilidad para anticiparse a problemas y actuar de manera independiente.', '_id': ObjectId('67c1eb5f96976af49605521d')}, {'name': 'Curiosidad', 'reason': 'La motivación hacia la investigación y el aprendizaje continuo sugiere un deseo de crecer y adaptarse, lo cual es fundamental en el desarrollo profesional.', '_id': ObjectId('67c1eb5f96976af49605521e')}, {'name': 'Comunicación efectiva', 'reason': 'La satisfacción en actividades relacionadas con la comunicación efectiva indica que la persona valora y posee habilidades para interactuar y transmitir ideas claramente.', '_id': ObjectId('67c1eb5f96976af49605521f')}]","Las habilidades identificadas incluyen proactividad, curiosidad y comunicación efectiva. Estas habilidades son importantes para el crecimiento profesional y la adaptación en entornos laborales dinámicos.",67771b96e62dc0dc9760dc2c,66cbfe3ecb6abc716b509f0f,67c1eb5d96976af49605520c,1008,2025-02-28 16:59:11.213,2025-02-28 16:59:11.213,0
67c2333096976af496055412,"[{'name': 'Proactividad', 'reason': 'El usuario menciona la proactividad como una de sus fortalezas, lo que indica una capacidad para tomar la iniciativa y actuar de manera autónoma.', '_id': ObjectId('67c2333096976af496055413')}, {'name': 'Curiosidad', 'reason': 'La motivación del usuario incluye la curiosidad por la investigación y el aprendizaje continuo, lo que refleja una disposición a aprender y adaptarse.', '_id': ObjectId('67c2333096976af496055414')}, {'name': 'Liderazgo', 'reason': 'El usuario identifica el liderazgo como una actividad que le genera satisfacción, lo que sugiere habilidades para influir y guiar a otros.', '_id': ObjectId('67c2333096976af496055415')}]","Las habilidades identificadas incluyen proactividad, curiosidad y liderazgo. Estas habilidades reflejan una persona motivada que busca el crecimiento personal y profesional, y que puede influir positivamente en su entorno laboral.",67771b96e62dc0dc9760dc2c,66cbfe3ecb6abc716b509f0f,67c2332d96976af496055402,1045,2025-02-28 22:05:36.109,2025-02-28 22:05:36.109,0
67c7460eea99f7e639a6ecf8,"[{'name': 'Resiliencia', 'reason': 'La persona menciona ser resiliente y motivarse en situaciones complicadas, lo que indica una capacidad para adaptarse y superar desafíos.', '_id': ObjectId('67c7460eea99f7e639a6ecf9')}, {'name': 'Curiosidad', 'reason': 'El interés en la investigación y el aprendizaje continuo sugiere una actitud proactiva hacia el crecimiento personal y profesional.', '_id': ObjectId('67c7460eea99f7e639a6ecfa')}, {'name': 'Liderazgo', 'reason': 'El deseo de liderar un área comercial y la satisfacción por actividades relacionadas con el liderazgo indican habilidades de liderazgo y gestión.', '_id': ObjectId('67c7460eea99f7e639a6ecfb')}, {'name': 'Orientación al aprendizaje', 'reason': 'El interés en aprender nuevas habilidades o conocimientos en su área de especialización muestra un compromiso con el desarrollo profesional.', '_id': ObjectId('67c7460eea99f7e639a6ecfc')}]","Las habilidades descubiertas incluyen resiliencia, curiosidad, liderazgo y orientación al aprendizaje, lo que sugiere una persona comprometida con su crecimiento profesional y capaz de enfrentar desafíos.",66bab0c9db5c98b2ee748847,66cbfe3ecb6abc716b509f0f,67c745ffea99f7e639a6ece8,1139,2025-03-04 18:27:26.677,2025-03-04 18:27:26.677,0
67cf0df0018a11656b650f6b,"[{'name': 'Curiosidad', 'reason': 'La curiosidad indica un deseo de aprendizaje continuo y crecimiento personal, lo cual es fundamental en un entorno laboral en constante cambio.', '_id': ObjectId('67cf0df0018a11656b650f6c')}, {'name': 'Relaciones', 'reason': 'La capacidad de construir vínculos positivos con compañeros es crucial para un ambiente de trabajo colaborativo y productivo.', '_id': ObjectId('67cf0df0018a11656b650f6d')}, {'name': 'Honor', 'reason': 'Tener valores alineados con el trabajo diario refleja integridad y compromiso, aspectos importantes en cualquier profesión.', '_id': ObjectId('67cf0df0018a11656b650f6e')}, {'name': 'Maestría', 'reason': 'El deseo de enfrentar desafíos para el crecimiento profesional demuestra una mentalidad de desarrollo y mejora continua.', '_id': ObjectId('67cf0df0018a11656b650f6f')}]","Las respuestas indican una fuerte motivación hacia el aprendizaje, la colaboración y el crecimiento personal, lo que sugiere habilidades interpersonales y de desarrollo profesional bien definidas.",66b975bfbf7e18bdfd26381e,66cbfe3ecb6abc716b509f0f,67cf0dee018a11656b650f5b,1016,2025-03-10 16:06:08.989,2025-03-10 16:06:08.989,0
67d244df91d91c730b50775e,"[{'name': 'Resiliencia', 'reason': 'La persona menciona que no se rinde fácilmente y crece ante situaciones complicadas, lo que indica una fuerte capacidad de resiliencia.', '_id': ObjectId('67d244df91d91c730b50775f')}, {'name': 'Curiosidad', 'reason': 'La motivación por la investigación y el aprendizaje continuo sugiere una inclinación hacia la curiosidad, lo que es esencial para el desarrollo profesional.', '_id': ObjectId('67d244df91d91c730b507760')}, {'name': 'Liderazgo', 'reason': 'La visualización de crecer como directivo y formar líderes indica habilidades de liderazgo y la capacidad de gestionar equipos.', '_id': ObjectId('67d244df91d91c730b507761')}, {'name': 'Comunicación efectiva', 'reason': 'La satisfacción en actividades relacionadas con la comunicación efectiva muestra que esta habilidad es valorada y practicada.', '_id': ObjectId('67d244df91d91c730b507762')}, {'name': 'Organización', 'reason': 'La necesidad de priorizar mejor y evitar dejar cosas a medias sugiere que el desarrollo en la organización es necesario.', '_id': ObjectId('67d244df91d91c730b507763')}]","Las habilidades descubiertas incluyen resiliencia, curiosidad, liderazgo, comunicación efectiva y organización. Estas habilidades reflejan un enfoque en el crecimiento personal y profesional, así como la capacidad de enfrentar desafíos y trabajar en equipo.",66bab0c9db5c98b2ee748847,66cbfe3ecb6abc716b509f0f,67d244dc91d91c730b50774e,1184,2025-03-13 02:37:19.599,2025-03-13 02:37:19.599,0
68260cf2e35d855e7f207824,"[{'name': 'Comunicación efectiva', 'reason': 'Se menciona la comunicación como una de las fortalezas destacadas, lo que indica una habilidad para transmitir ideas y colaborar con otros.', '_id': ObjectId('68260cf2e35d855e7f207825')}, {'name': 'Liderazgo', 'reason': 'El liderazgo se menciona entre las fortalezas y actividades que generan satisfacción, sugiriendo que la persona tiene la capacidad de guiar y motivar a otros.', '_id': ObjectId('68260cf2e35d855e7f207826')}, {'name': 'Resiliencia', 'reason': 'La búsqueda de nuevos retos y el deseo de crecimiento profesional reflejan una capacidad para adaptarse y superar adversidades.', '_id': ObjectId('68260cf2e35d855e7f207827')}, {'name': 'Trabajo en equipo', 'reason': 'La importancia de las relaciones y vínculos positivos con compañeros indica una habilidad para colaborar efectivamente en grupos.', '_id': ObjectId('68260cf2e35d855e7f207828')}, {'name': 'Empatía', 'reason': 'La mención de la aceptación y el reconocimiento por parte de los compañeros sugiere una capacidad para entender y valorar las emociones de los demás.', '_id': ObjectId('68260cf2e35d855e7f207829')}]","Las habilidades de comunicación efectiva, liderazgo, resiliencia, trabajo en equipo y empatía son las más destacadas en las respuestas, reflejando una persona orientada a la colaboración y al crecimiento profesional.",66b9837f1f38bd5f50205598,66cbfe3ecb6abc716b509f0f,68260cebe35d855e7f207813,1223,2025-05-15 15:49:06.543,2025-05-15 15:49:06.543,0
682b2eff6624490acdbfe57f,"[{'name': 'Liderazgo', 'reason': 'El usuario ha demostrado habilidades de liderazgo al coordinar un equipo y asegurar que todos los miembros comprendieran sus roles, lo que resultó en la entrega exitosa de un proyecto.', '_id': ObjectId('682b2eff6624490acdbfe580')}, {'name': 'Comunicación efectiva', 'reason': 'El usuario ha identificado la necesidad de mejorar su comunicación verbal y ha expresado interés en talleres que fortalezcan esta habilidad, lo que indica una conciencia de su importancia en el entorno laboral.', '_id': ObjectId('682b2eff6624490acdbfe581')}, {'name': 'Curiosidad', 'reason': 'El usuario muestra motivación por el aprendizaje continuo y el desarrollo profesional, lo que es un indicador de curiosidad y deseo de superación.', '_id': ObjectId('682b2eff6624490acdbfe582')}, {'name': 'Resolución de conflictos', 'reason': 'El interés en mejorar la comunicación y la expresión indica un deseo de manejar mejor las interacciones, lo que puede ser clave en la resolución de conflictos.', '_id': ObjectId('682b2eff6624490acdbfe583')}]",Las habilidades identificadas reflejan un fuerte potencial de liderazgo y un deseo de mejorar en áreas críticas como la comunicación. La curiosidad y la disposición para resolver conflictos también son aspectos positivos que pueden contribuir al crecimiento profesional del usuario.,675f033db08853af565c6e94,66cbfe3ecb6abc716b509f0f,682b2efa6624490acdbfe56f,1479,2025-05-19 13:15:43.767,2025-05-19 13:15:43.767,0
682f73f946c75d4af8376f55,"[{'name': 'Persistencia', 'reason': 'El usuario menciona que es muy persistente y no se rinde ante los obstáculos, lo cual es una muestra clara de esta habilidad.', '_id': ObjectId('682f73f946c75d4af8376f56')}, {'name': 'Curiosidad', 'reason': 'La motivación del usuario incluye la investigación y el aprendizaje continuo, lo que indica una fuerte curiosidad.', '_id': ObjectId('682f73f946c75d4af8376f57')}, {'name': 'Liderazgo', 'reason': 'El usuario se ve dominando el ambiente tecnológico y teniendo influencia, lo que sugiere habilidades de liderazgo.', '_id': ObjectId('682f73f946c75d4af8376f58')}, {'name': 'Comunicación efectiva', 'reason': 'El usuario menciona que disfruta de la comunicación efectiva, lo que es vital en el entorno laboral.', '_id': ObjectId('682f73f946c75d4af8376f59')}, {'name': 'Resolución de conflictos', 'reason': 'La resolución de conflictos es una de las actividades que el usuario disfruta, lo que indica habilidad en esta área.', '_id': ObjectId('682f73f946c75d4af8376f5a')}]","Las habilidades identificadas son persistencia, curiosidad, liderazgo, comunicación efectiva y resolución de conflictos. Estas habilidades reflejan el deseo del usuario de aprender y desarrollarse profesionalmente, así como su capacidad para influir y trabajar en equipo.",66bab0c9db5c98b2ee748847,66cbfe3ecb6abc716b509f0f,682f73f646c75d4af8376f45,1223,2025-05-22 18:59:05.649,2025-05-22 18:59:05.649,0
684506763fee8af6871b8ecf,"[{'name': 'Curiosidad', 'reason': 'La curiosidad se destaca como una motivación clave para el aprendizaje continuo y el crecimiento profesional.', '_id': ObjectId('684506763fee8af6871b8ed0')}, {'name': 'Resolución de conflictos', 'reason': 'La capacidad de resolver conflictos es esencial para mantener un ambiente de trabajo positivo y productivo.', '_id': ObjectId('684506763fee8af6871b8ed1')}, {'name': 'Orientación a resultados', 'reason': 'El objetivo de obtener un ascenso o promoción refleja una fuerte orientación hacia el logro y la mejora continua.', '_id': ObjectId('684506763fee8af6871b8ed2')}, {'name': 'Adaptabilidad', 'reason': 'La búsqueda de nuevos retos y la necesidad de evitar la monotonía indican una buena capacidad de adaptación a cambios y desafíos.', '_id': ObjectId('684506763fee8af6871b8ed3')}]","Las respuestas indican una fuerte motivación hacia el aprendizaje y el desarrollo profesional, así como habilidades en la resolución de conflictos y la adaptabilidad. Estas son características valiosas en cualquier entorno laboral.",66bab0c9db5c98b2ee748847,66cbfe3ecb6abc716b509f0f,684506743fee8af6871b8ebf,1219,2025-06-08 03:41:42.504,2025-06-08 03:41:42.504,0
